,tx_id,time,inputs,outputs
0,d0b452b2127314ba6b0fe465de41e59d3dc4cfd16c203bccb0d48fb9d27db04a,2021-08-24 13:18:14,"[('1N4d22SfyeRRgSHVCDSixDk7EePFPHrorD', 163838)]","[('18XW8a8YaxpLZ3D7tHdJwgzB9GvX5gLUQw', 162326)]"
1,7bb4b6c129791a6e68a8b01a7691a105a9b46577d9ff8c97e0eef04ff855722b,2021-07-24 04:04:47,"[('1N4d22SfyeRRgSHVCDSixDk7EePFPHrorD', 163699)]","[('18XW8a8YaxpLZ3D7tHdJwgzB9GvX5gLUQw', 155572)]"
2,2365d4d1a09bd07ab0a61348ed1f5c4674c1658de68ccc46fa8446d82d48d8dd,2021-07-22 04:42:57,"[('1N4d22SfyeRRgSHVCDSixDk7EePFPHrorD', 148575)]","[('18XW8a8YaxpLZ3D7tHdJwgzB9GvX5gLUQw', 139314)]"
3,2279b42adb0d4d0481826aed19b37af4a287988da6b82a4053d49b64d6c0e42b,2021-07-20 05:39:38,"[('1N4d22SfyeRRgSHVCDSixDk7EePFPHrorD', 158204)]","[('18XW8a8YaxpLZ3D7tHdJwgzB9GvX5gLUQw', 151589)]"
4,2e6a4d5baf2a4d2c1ece48e2c9fcffa494e5d868afc186108681e9de8dfaba36,2021-07-18 04:42:44,"[('1N4d22SfyeRRgSHVCDSixDk7EePFPHrorD', 158591)]","[('18XW8a8YaxpLZ3D7tHdJwgzB9GvX5gLUQw', 148385)]"
5,725d681c0ca849089d795c71c52c0acd7bf4d69fd1024987102167d53d4690ec,2021-07-16 04:45:21,"[('1N4d22SfyeRRgSHVCDSixDk7EePFPHrorD', 159515)]","[('18XW8a8YaxpLZ3D7tHdJwgzB9GvX5gLUQw', 151955)]"
6,6e05636cd184c118477cdeba84ac6408d0799f1cb48daa49ebb8b8392decb763,2021-07-14 04:48:14,"[('1N4d22SfyeRRgSHVCDSixDk7EePFPHrorD', 134499)]","[('18XW8a8YaxpLZ3D7tHdJwgzB9GvX5gLUQw', 128451)]"
7,96584a877a858cb09badb09dc40673ce3f699eb6e8dd0fbbe0e511978c0d3d33,2021-07-12 06:04:33,"[('1N4d22SfyeRRgSHVCDSixDk7EePFPHrorD', 151162)]","[('18XW8a8YaxpLZ3D7tHdJwgzB9GvX5gLUQw', 143224)]"
8,c749feff5717110e07ee3766b1f79af8e949b04753694971e8415f64e90885c6,2021-07-10 04:31:36,"[('1N4d22SfyeRRgSHVCDSixDk7EePFPHrorD', 161698)]","[('18XW8a8YaxpLZ3D7tHdJwgzB9GvX5gLUQw', 151303)]"
9,3e2f0b0d3887a3a1da9937fab89897973b12804248cfca321527a9b951318614,2021-07-08 04:33:54,"[('1N4d22SfyeRRgSHVCDSixDk7EePFPHrorD', 155961)]","[('18XW8a8YaxpLZ3D7tHdJwgzB9GvX5gLUQw', 145188)]"
10,eb65c34b74a01caa8ec06beffcd1a82e3576a3cb6ef5b0c351887ba75344b463,2021-07-06 05:50:32,"[('1N4d22SfyeRRgSHVCDSixDk7EePFPHrorD', 138863)]","[('18XW8a8YaxpLZ3D7tHdJwgzB9GvX5gLUQw', 127523)]"
11,9fde3588250dbd898af0146bfd6b4d4d92ac3fdf1be4209f4d25bd3e1a8abe32,2021-07-04 06:33:13,"[('1N4d22SfyeRRgSHVCDSixDk7EePFPHrorD', 136585)]","[('18XW8a8YaxpLZ3D7tHdJwgzB9GvX5gLUQw', 125434)]"
12,e00b7d645dea785becde20e8924f05b7a36279e8763721a8d158b93d873558e4,2021-07-02 07:23:10,"[('1N4d22SfyeRRgSHVCDSixDk7EePFPHrorD', 123568)]","[('18XW8a8YaxpLZ3D7tHdJwgzB9GvX5gLUQw', 111472)]"
13,d0b452b2127314ba6b0fe465de41e59d3dc4cfd16c203bccb0d48fb9d27db04a,2021-08-24 13:18:14,"[('1N4d22SfyeRRgSHVCDSixDk7EePFPHrorD', 163838)]","[('18XW8a8YaxpLZ3D7tHdJwgzB9GvX5gLUQw', 162326)]"
14,7bb4b6c129791a6e68a8b01a7691a105a9b46577d9ff8c97e0eef04ff855722b,2021-07-24 04:04:47,"[('1N4d22SfyeRRgSHVCDSixDk7EePFPHrorD', 163699)]","[('18XW8a8YaxpLZ3D7tHdJwgzB9GvX5gLUQw', 155572)]"
15,2365d4d1a09bd07ab0a61348ed1f5c4674c1658de68ccc46fa8446d82d48d8dd,2021-07-22 04:42:57,"[('1N4d22SfyeRRgSHVCDSixDk7EePFPHrorD', 148575)]","[('18XW8a8YaxpLZ3D7tHdJwgzB9GvX5gLUQw', 139314)]"
16,2279b42adb0d4d0481826aed19b37af4a287988da6b82a4053d49b64d6c0e42b,2021-07-20 05:39:38,"[('1N4d22SfyeRRgSHVCDSixDk7EePFPHrorD', 158204)]","[('18XW8a8YaxpLZ3D7tHdJwgzB9GvX5gLUQw', 151589)]"
17,2e6a4d5baf2a4d2c1ece48e2c9fcffa494e5d868afc186108681e9de8dfaba36,2021-07-18 04:42:44,"[('1N4d22SfyeRRgSHVCDSixDk7EePFPHrorD', 158591)]","[('18XW8a8YaxpLZ3D7tHdJwgzB9GvX5gLUQw', 148385)]"
18,725d681c0ca849089d795c71c52c0acd7bf4d69fd1024987102167d53d4690ec,2021-07-16 04:45:21,"[('1N4d22SfyeRRgSHVCDSixDk7EePFPHrorD', 159515)]","[('18XW8a8YaxpLZ3D7tHdJwgzB9GvX5gLUQw', 151955)]"
19,6e05636cd184c118477cdeba84ac6408d0799f1cb48daa49ebb8b8392decb763,2021-07-14 04:48:14,"[('1N4d22SfyeRRgSHVCDSixDk7EePFPHrorD', 134499)]","[('18XW8a8YaxpLZ3D7tHdJwgzB9GvX5gLUQw', 128451)]"
20,96584a877a858cb09badb09dc40673ce3f699eb6e8dd0fbbe0e511978c0d3d33,2021-07-12 06:04:33,"[('1N4d22SfyeRRgSHVCDSixDk7EePFPHrorD', 151162)]","[('18XW8a8YaxpLZ3D7tHdJwgzB9GvX5gLUQw', 143224)]"
21,c749feff5717110e07ee3766b1f79af8e949b04753694971e8415f64e90885c6,2021-07-10 04:31:36,"[('1N4d22SfyeRRgSHVCDSixDk7EePFPHrorD', 161698)]","[('18XW8a8YaxpLZ3D7tHdJwgzB9GvX5gLUQw', 151303)]"
22,3e2f0b0d3887a3a1da9937fab89897973b12804248cfca321527a9b951318614,2021-07-08 04:33:54,"[('1N4d22SfyeRRgSHVCDSixDk7EePFPHrorD', 155961)]","[('18XW8a8YaxpLZ3D7tHdJwgzB9GvX5gLUQw', 145188)]"
23,eb65c34b74a01caa8ec06beffcd1a82e3576a3cb6ef5b0c351887ba75344b463,2021-07-06 05:50:32,"[('1N4d22SfyeRRgSHVCDSixDk7EePFPHrorD', 138863)]","[('18XW8a8YaxpLZ3D7tHdJwgzB9GvX5gLUQw', 127523)]"
24,9fde3588250dbd898af0146bfd6b4d4d92ac3fdf1be4209f4d25bd3e1a8abe32,2021-07-04 06:33:13,"[('1N4d22SfyeRRgSHVCDSixDk7EePFPHrorD', 136585)]","[('18XW8a8YaxpLZ3D7tHdJwgzB9GvX5gLUQw', 125434)]"
25,e00b7d645dea785becde20e8924f05b7a36279e8763721a8d158b93d873558e4,2021-07-02 07:23:10,"[('1N4d22SfyeRRgSHVCDSixDk7EePFPHrorD', 123568)]","[('18XW8a8YaxpLZ3D7tHdJwgzB9GvX5gLUQw', 111472)]"
26,d0b452b2127314ba6b0fe465de41e59d3dc4cfd16c203bccb0d48fb9d27db04a,2021-08-24 13:18:14,"[('1N4d22SfyeRRgSHVCDSixDk7EePFPHrorD', 163838)]","[('18XW8a8YaxpLZ3D7tHdJwgzB9GvX5gLUQw', 162326)]"
27,7bb4b6c129791a6e68a8b01a7691a105a9b46577d9ff8c97e0eef04ff855722b,2021-07-24 04:04:47,"[('1N4d22SfyeRRgSHVCDSixDk7EePFPHrorD', 163699)]","[('18XW8a8YaxpLZ3D7tHdJwgzB9GvX5gLUQw', 155572)]"
28,2365d4d1a09bd07ab0a61348ed1f5c4674c1658de68ccc46fa8446d82d48d8dd,2021-07-22 04:42:57,"[('1N4d22SfyeRRgSHVCDSixDk7EePFPHrorD', 148575)]","[('18XW8a8YaxpLZ3D7tHdJwgzB9GvX5gLUQw', 139314)]"
29,2279b42adb0d4d0481826aed19b37af4a287988da6b82a4053d49b64d6c0e42b,2021-07-20 05:39:38,"[('1N4d22SfyeRRgSHVCDSixDk7EePFPHrorD', 158204)]","[('18XW8a8YaxpLZ3D7tHdJwgzB9GvX5gLUQw', 151589)]"
30,2e6a4d5baf2a4d2c1ece48e2c9fcffa494e5d868afc186108681e9de8dfaba36,2021-07-18 04:42:44,"[('1N4d22SfyeRRgSHVCDSixDk7EePFPHrorD', 158591)]","[('18XW8a8YaxpLZ3D7tHdJwgzB9GvX5gLUQw', 148385)]"
31,725d681c0ca849089d795c71c52c0acd7bf4d69fd1024987102167d53d4690ec,2021-07-16 04:45:21,"[('1N4d22SfyeRRgSHVCDSixDk7EePFPHrorD', 159515)]","[('18XW8a8YaxpLZ3D7tHdJwgzB9GvX5gLUQw', 151955)]"
32,6e05636cd184c118477cdeba84ac6408d0799f1cb48daa49ebb8b8392decb763,2021-07-14 04:48:14,"[('1N4d22SfyeRRgSHVCDSixDk7EePFPHrorD', 134499)]","[('18XW8a8YaxpLZ3D7tHdJwgzB9GvX5gLUQw', 128451)]"
33,96584a877a858cb09badb09dc40673ce3f699eb6e8dd0fbbe0e511978c0d3d33,2021-07-12 06:04:33,"[('1N4d22SfyeRRgSHVCDSixDk7EePFPHrorD', 151162)]","[('18XW8a8YaxpLZ3D7tHdJwgzB9GvX5gLUQw', 143224)]"
34,c749feff5717110e07ee3766b1f79af8e949b04753694971e8415f64e90885c6,2021-07-10 04:31:36,"[('1N4d22SfyeRRgSHVCDSixDk7EePFPHrorD', 161698)]","[('18XW8a8YaxpLZ3D7tHdJwgzB9GvX5gLUQw', 151303)]"
35,3e2f0b0d3887a3a1da9937fab89897973b12804248cfca321527a9b951318614,2021-07-08 04:33:54,"[('1N4d22SfyeRRgSHVCDSixDk7EePFPHrorD', 155961)]","[('18XW8a8YaxpLZ3D7tHdJwgzB9GvX5gLUQw', 145188)]"
36,eb65c34b74a01caa8ec06beffcd1a82e3576a3cb6ef5b0c351887ba75344b463,2021-07-06 05:50:32,"[('1N4d22SfyeRRgSHVCDSixDk7EePFPHrorD', 138863)]","[('18XW8a8YaxpLZ3D7tHdJwgzB9GvX5gLUQw', 127523)]"
37,9fde3588250dbd898af0146bfd6b4d4d92ac3fdf1be4209f4d25bd3e1a8abe32,2021-07-04 06:33:13,"[('1N4d22SfyeRRgSHVCDSixDk7EePFPHrorD', 136585)]","[('18XW8a8YaxpLZ3D7tHdJwgzB9GvX5gLUQw', 125434)]"
38,e00b7d645dea785becde20e8924f05b7a36279e8763721a8d158b93d873558e4,2021-07-02 07:23:10,"[('1N4d22SfyeRRgSHVCDSixDk7EePFPHrorD', 123568)]","[('18XW8a8YaxpLZ3D7tHdJwgzB9GvX5gLUQw', 111472)]"
39,d0b452b2127314ba6b0fe465de41e59d3dc4cfd16c203bccb0d48fb9d27db04a,2021-08-24 13:18:14,"[('1N4d22SfyeRRgSHVCDSixDk7EePFPHrorD', 163838)]","[('18XW8a8YaxpLZ3D7tHdJwgzB9GvX5gLUQw', 162326)]"
40,7bb4b6c129791a6e68a8b01a7691a105a9b46577d9ff8c97e0eef04ff855722b,2021-07-24 04:04:47,"[('1N4d22SfyeRRgSHVCDSixDk7EePFPHrorD', 163699)]","[('18XW8a8YaxpLZ3D7tHdJwgzB9GvX5gLUQw', 155572)]"
41,2365d4d1a09bd07ab0a61348ed1f5c4674c1658de68ccc46fa8446d82d48d8dd,2021-07-22 04:42:57,"[('1N4d22SfyeRRgSHVCDSixDk7EePFPHrorD', 148575)]","[('18XW8a8YaxpLZ3D7tHdJwgzB9GvX5gLUQw', 139314)]"
42,2279b42adb0d4d0481826aed19b37af4a287988da6b82a4053d49b64d6c0e42b,2021-07-20 05:39:38,"[('1N4d22SfyeRRgSHVCDSixDk7EePFPHrorD', 158204)]","[('18XW8a8YaxpLZ3D7tHdJwgzB9GvX5gLUQw', 151589)]"
43,2e6a4d5baf2a4d2c1ece48e2c9fcffa494e5d868afc186108681e9de8dfaba36,2021-07-18 04:42:44,"[('1N4d22SfyeRRgSHVCDSixDk7EePFPHrorD', 158591)]","[('18XW8a8YaxpLZ3D7tHdJwgzB9GvX5gLUQw', 148385)]"
44,725d681c0ca849089d795c71c52c0acd7bf4d69fd1024987102167d53d4690ec,2021-07-16 04:45:21,"[('1N4d22SfyeRRgSHVCDSixDk7EePFPHrorD', 159515)]","[('18XW8a8YaxpLZ3D7tHdJwgzB9GvX5gLUQw', 151955)]"
45,6e05636cd184c118477cdeba84ac6408d0799f1cb48daa49ebb8b8392decb763,2021-07-14 04:48:14,"[('1N4d22SfyeRRgSHVCDSixDk7EePFPHrorD', 134499)]","[('18XW8a8YaxpLZ3D7tHdJwgzB9GvX5gLUQw', 128451)]"
46,96584a877a858cb09badb09dc40673ce3f699eb6e8dd0fbbe0e511978c0d3d33,2021-07-12 06:04:33,"[('1N4d22SfyeRRgSHVCDSixDk7EePFPHrorD', 151162)]","[('18XW8a8YaxpLZ3D7tHdJwgzB9GvX5gLUQw', 143224)]"
47,c749feff5717110e07ee3766b1f79af8e949b04753694971e8415f64e90885c6,2021-07-10 04:31:36,"[('1N4d22SfyeRRgSHVCDSixDk7EePFPHrorD', 161698)]","[('18XW8a8YaxpLZ3D7tHdJwgzB9GvX5gLUQw', 151303)]"
48,3e2f0b0d3887a3a1da9937fab89897973b12804248cfca321527a9b951318614,2021-07-08 04:33:54,"[('1N4d22SfyeRRgSHVCDSixDk7EePFPHrorD', 155961)]","[('18XW8a8YaxpLZ3D7tHdJwgzB9GvX5gLUQw', 145188)]"
49,eb65c34b74a01caa8ec06beffcd1a82e3576a3cb6ef5b0c351887ba75344b463,2021-07-06 05:50:32,"[('1N4d22SfyeRRgSHVCDSixDk7EePFPHrorD', 138863)]","[('18XW8a8YaxpLZ3D7tHdJwgzB9GvX5gLUQw', 127523)]"
50,9fde3588250dbd898af0146bfd6b4d4d92ac3fdf1be4209f4d25bd3e1a8abe32,2021-07-04 06:33:13,"[('1N4d22SfyeRRgSHVCDSixDk7EePFPHrorD', 136585)]","[('18XW8a8YaxpLZ3D7tHdJwgzB9GvX5gLUQw', 125434)]"
51,e00b7d645dea785becde20e8924f05b7a36279e8763721a8d158b93d873558e4,2021-07-02 07:23:10,"[('1N4d22SfyeRRgSHVCDSixDk7EePFPHrorD', 123568)]","[('18XW8a8YaxpLZ3D7tHdJwgzB9GvX5gLUQw', 111472)]"
52,d0b452b2127314ba6b0fe465de41e59d3dc4cfd16c203bccb0d48fb9d27db04a,2021-08-24 13:18:14,"[('1N4d22SfyeRRgSHVCDSixDk7EePFPHrorD', 163838)]","[('18XW8a8YaxpLZ3D7tHdJwgzB9GvX5gLUQw', 162326)]"
53,7bb4b6c129791a6e68a8b01a7691a105a9b46577d9ff8c97e0eef04ff855722b,2021-07-24 04:04:47,"[('1N4d22SfyeRRgSHVCDSixDk7EePFPHrorD', 163699)]","[('18XW8a8YaxpLZ3D7tHdJwgzB9GvX5gLUQw', 155572)]"
54,2365d4d1a09bd07ab0a61348ed1f5c4674c1658de68ccc46fa8446d82d48d8dd,2021-07-22 04:42:57,"[('1N4d22SfyeRRgSHVCDSixDk7EePFPHrorD', 148575)]","[('18XW8a8YaxpLZ3D7tHdJwgzB9GvX5gLUQw', 139314)]"
55,2279b42adb0d4d0481826aed19b37af4a287988da6b82a4053d49b64d6c0e42b,2021-07-20 05:39:38,"[('1N4d22SfyeRRgSHVCDSixDk7EePFPHrorD', 158204)]","[('18XW8a8YaxpLZ3D7tHdJwgzB9GvX5gLUQw', 151589)]"
56,2e6a4d5baf2a4d2c1ece48e2c9fcffa494e5d868afc186108681e9de8dfaba36,2021-07-18 04:42:44,"[('1N4d22SfyeRRgSHVCDSixDk7EePFPHrorD', 158591)]","[('18XW8a8YaxpLZ3D7tHdJwgzB9GvX5gLUQw', 148385)]"
57,725d681c0ca849089d795c71c52c0acd7bf4d69fd1024987102167d53d4690ec,2021-07-16 04:45:21,"[('1N4d22SfyeRRgSHVCDSixDk7EePFPHrorD', 159515)]","[('18XW8a8YaxpLZ3D7tHdJwgzB9GvX5gLUQw', 151955)]"
58,6e05636cd184c118477cdeba84ac6408d0799f1cb48daa49ebb8b8392decb763,2021-07-14 04:48:14,"[('1N4d22SfyeRRgSHVCDSixDk7EePFPHrorD', 134499)]","[('18XW8a8YaxpLZ3D7tHdJwgzB9GvX5gLUQw', 128451)]"
59,96584a877a858cb09badb09dc40673ce3f699eb6e8dd0fbbe0e511978c0d3d33,2021-07-12 06:04:33,"[('1N4d22SfyeRRgSHVCDSixDk7EePFPHrorD', 151162)]","[('18XW8a8YaxpLZ3D7tHdJwgzB9GvX5gLUQw', 143224)]"
60,c749feff5717110e07ee3766b1f79af8e949b04753694971e8415f64e90885c6,2021-07-10 04:31:36,"[('1N4d22SfyeRRgSHVCDSixDk7EePFPHrorD', 161698)]","[('18XW8a8YaxpLZ3D7tHdJwgzB9GvX5gLUQw', 151303)]"
61,3e2f0b0d3887a3a1da9937fab89897973b12804248cfca321527a9b951318614,2021-07-08 04:33:54,"[('1N4d22SfyeRRgSHVCDSixDk7EePFPHrorD', 155961)]","[('18XW8a8YaxpLZ3D7tHdJwgzB9GvX5gLUQw', 145188)]"
62,eb65c34b74a01caa8ec06beffcd1a82e3576a3cb6ef5b0c351887ba75344b463,2021-07-06 05:50:32,"[('1N4d22SfyeRRgSHVCDSixDk7EePFPHrorD', 138863)]","[('18XW8a8YaxpLZ3D7tHdJwgzB9GvX5gLUQw', 127523)]"
63,9fde3588250dbd898af0146bfd6b4d4d92ac3fdf1be4209f4d25bd3e1a8abe32,2021-07-04 06:33:13,"[('1N4d22SfyeRRgSHVCDSixDk7EePFPHrorD', 136585)]","[('18XW8a8YaxpLZ3D7tHdJwgzB9GvX5gLUQw', 125434)]"
64,e00b7d645dea785becde20e8924f05b7a36279e8763721a8d158b93d873558e4,2021-07-02 07:23:10,"[('1N4d22SfyeRRgSHVCDSixDk7EePFPHrorD', 123568)]","[('18XW8a8YaxpLZ3D7tHdJwgzB9GvX5gLUQw', 111472)]"
